{"cameraMode":{"drawMode":0,"name":"Shaded","section":"Shading Mode"},"sceneLighting":false,"audioPlay":false,"sceneViewState":{"m_AlwaysRefresh":false,"showFog":true,"showSkybox":true,"showFlares":true,"showImageEffects":true,"showParticleSystems":true,"showVisualEffectGraphs":true,"m_FxEnabled":true},"in2DMode":false,"pivot":{"x":167.1298370361328,"y":-7.012425422668457,"z":28.046106338500978},"rotation":{"x":-0.04852985590696335,"y":-0.6141255497932434,"z":0.038226813077926639,"w":-0.7869369387626648},"size":104.02572631835938,"orthographic":false}